,LG,LG_block,X,position_window,Position_on_LG,CM_position,n,coefficient,block_size,cytotype,window_size,coefficient_MB,LG_final
1,L.10,0,3,2,12370349.97,90.68351222,75.8,-2.96E-07,25MB,NC,5000000,-2.96E-13,Sex
2,L.10,1,8,7,37017351.98,57.82518025,15,7.49E-07,25MB,NC,5000000,7.49E-13,Sex
3,L.10,2,12.5,12,63014971.71,55.71804252,5.5,-1.90E-21,25MB,NC,5000000,-1.90E-27,Sex
4,L.10,3,16,16.33333333,85264578.51,55.57914791,6.666666667,-2.67E-17,25MB,NC,5000000,-2.67E-23,Sex
5,L.10,4,18.5,23.5,121136775.2,50.79511513,8.5,3.15E-21,25MB,NC,5000000,3.15E-27,Sex
6,L.10,5,20.5,26.5,134128977.3,54.68724704,5.5,1.13E-05,25MB,NC,5000000,1.13E-11,Sex
7,L.3,0,24,2,12649342.25,33.75182536,98.8,-2.23E-06,25MB,NC,5000000,-2.23E-12,A4
8,L.3,1,27.5,7,36146422.23,31.48497552,67.5,-9.95E-06,25MB,NC,5000000,-9.95E-12,A4
9,L.5,0,31,2,12601550.55,32.27076295,89.6,2.31E-07,25MB,NC,5000000,2.31E-13,A3
10,L.5,1,36,7,37161663.79,44.48630283,36.8,-4.75E-07,25MB,NC,5000000,-4.75E-13,A3
11,L.5,2,39,14,73115029,18.89920562,1,NA,25MB,NC,5000000,NA,A3
12,L.5,3,41.5,17.5,89738901.29,50.79511513,18,1.28E-21,25MB,NC,5000000,1.28E-27,A3
13,L.5,4,46,22,112974281.9,50.79511513,10.4,4.07E-21,25MB,NC,5000000,4.07E-27,A3
14,L.5,5,50.5,26.5,134319865.9,51.04779412,4.25,-6.98E-08,25MB,NC,5000000,-6.98E-14,A3
15,L.7,0,54.5,1.5,9438995.105,100.0165499,73.5,-1.67E-06,25MB,NC,5000000,-1.67E-12,A1
16,L.7,5,57,28,140610508.3,0,20,0,25MB,NC,5000000,0.00E+00,A1
17,L.7,6,58.5,33,166656086.6,70.75606246,5,1.57E-17,25MB,NC,5000000,1.57E-23,A1
18,L.7,7,60.5,36,181848153.5,67.31107719,1,NA,25MB,NC,5000000,NA,A1
19,L.7,12,62,64,322365609,20.72993607,2,2.36E-05,25MB,NC,5000000,2.36E-11,A1
20,L.7,13,64,67,337890959.5,38.22199726,113,3.05E-06,25MB,NC,5000000,3.05E-12,A1
21,L.8,0,68,2,12779868.83,80.31208245,90.8,-1.74E-06,25MB,NC,5000000,-1.74E-12,A2
22,L.8,1,73,7,37269116.41,72.54064966,31.8,1.09E-06,25MB,NC,5000000,1.09E-12,A2
23,L.8,2,78,12,62341595.52,54.08334211,19.4,-2.74E-07,25MB,NC,5000000,-2.74E-13,A2
24,L.8,3,83,17,87402448.27,51.6982877,24.2,5.40E-08,25MB,NC,5000000,5.40E-14,A2
25,L.8,4,88,22,112692549.3,51.73910114,34.8,2.43E-08,25MB,NC,5000000,2.43E-14,A2
26,L.8,5,93,27,137342983.5,51.96954066,20,-6.55E-08,25MB,NC,5000000,-6.55E-14,A2
27,L.8,6,98,32,162421234.2,55.16347101,25.2,1.72E-07,25MB,NC,5000000,1.72E-13,A2
28,L.8,7,103,37,187097389.4,54.75649753,30.2,-3.95E-07,25MB,NC,5000000,-3.95E-13,A2
29,L.8,8,108,42,212296699.9,52.74855208,48.8,1.63E-06,25MB,NC,5000000,1.63E-12,A2
30,L.8,9,113,47,237527396.2,45.21307662,113.4,-6.84E-07,25MB,NC,5000000,-6.84E-13,A2
31,L.8,10,117,51,256809934.4,11.89077795,125,-2.73E-06,25MB,NC,5000000,-2.73E-12,A2
32,NA,0,119,0,0,55.57914791,1,NA,25MB,NC,5000000,NA,NA
33,L.10,0,5.5,4.5,24693850.98,74.25434624,45.4,2.27E-07,50MB,NC,5000000,2.27E-13,Sex
34,L.10,1,14,13.85714286,72550517.48,55.65851626,6,-1.15E-17,50MB,NC,5000000,-1.15E-23,Sex
35,L.10,2,19.5,25,127632876.2,52.74118108,7,3.75E-06,50MB,NC,5000000,3.75E-12,Sex
36,L.3,0,25,3.428571429,19362793.67,33.10415398,89.85714286,-4.43E-06,50MB,NC,5000000,-4.43E-12,A4
37,L.5,0,33.5,4.5,24881607.17,38.37853289,63.2,-1.22E-07,50MB,NC,5000000,-1.22E-13,A3
38,L.5,1,41,16.8,86414126.83,44.41593323,14.6,1.28E-21,50MB,NC,5000000,1.28E-27,A3
39,L.5,2,48,24,122461208.1,50.9074169,7.666666667,-3.49E-08,50MB,NC,5000000,-3.49E-14,A3
40,L.7,0,54.5,1.5,9438995.105,100.0165499,73.5,-1.67E-06,50MB,NC,5000000,-1.67E-12,A1
41,L.7,2,57,28,140610508.3,0,20,0,50MB,NC,5000000,0.00E+00,A1
42,L.7,3,59.5,34.5,174252120,69.03356982,3,1.57E-17,50MB,NC,5000000,1.57E-23,A1
43,L.7,6,63.5,66.25,334009621.9,33.84898196,85.25,8.19E-06,50MB,NC,5000000,8.19E-12,A1
44,L.8,0,70.5,4.5,25024492.62,76.42636606,61.3,-3.27E-07,50MB,NC,5000000,-3.27E-13,A2
45,L.8,1,80.5,14.5,74872021.89,52.89081491,21.8,-1.10E-07,50MB,NC,5000000,-1.10E-13,A2
46,L.8,2,90.5,24.5,125017766.4,51.8543209,27.4,-2.06E-08,50MB,NC,5000000,-2.06E-14,A2
47,L.8,3,100.5,34.5,174759311.8,54.95998427,27.7,-1.12E-07,50MB,NC,5000000,-1.12E-13,A2
48,L.8,4,110.5,44.5,224912048,48.98081435,81.1,4.74E-07,50MB,NC,5000000,4.74E-13,A2
49,L.8,5,117,51,256809934.4,11.89077795,125,-2.73E-06,50MB,NC,5000000,-2.73E-12,A2
50,NA,0,119,0,0,55.57914791,1,NA,50MB,NC,5000000,NA,NA
51,L.10,2,13,13.88235294,72087438.26,55.91727964,9.235294118,9.14E-07,25CM,NC,5000000,9.14E-13,Sex
52,L.10,3,2.5,1.5,9873579.683,89.8264424,72.5,2.16E-06,25CM,NC,5000000,2.16E-12,Sex
53,L.10,4,2.5,1.5,10045013.58,106.4355809,111,-2.71E-06,25CM,NC,5000000,-2.71E-12,Sex
54,L.3,0,26.5,4.5,24539875.32,20.28029458,97.5,-5.86E-07,25CM,NC,5000000,-5.86E-13,A4
55,L.3,1,24.4,3,17291961.01,38.23369774,86.8,-5.97E-06,25CM,NC,5000000,-5.97E-12,A4
56,L.5,0,34,7,37578659.13,15.05070697,83,5.46E-06,25CM,NC,5000000,5.46E-12,A3
57,L.5,1,33.625,4.625,25241436.56,40.29294799,58.125,-8.35E-07,25CM,NC,5000000,-8.35E-13,A3
58,L.5,2,45.35714286,21,107567769.2,50.82762495,10.21428571,-1.90E-08,25CM,NC,5000000,-1.90E-14,A3
59,L.7,0,58.33333333,31.66666667,160641203.9,12.8069569,8.333333333,8.80E-06,25CM,NC,5000000,8.80E-12,A1
60,L.7,1,64.5,67.5,340102609.6,32.02624825,140,5.79E-06,25CM,NC,5000000,5.79E-12,A1
61,L.7,2,61,45.66666667,231293379.4,53.62027625,20.33333333,-2.43E-06,25CM,NC,5000000,-2.43E-12,A1
62,L.7,3,59,33.5,168298000.6,82.94347291,5,1.57E-17,25CM,NC,5000000,1.57E-23,A1
63,L.7,4,54.5,1.5,8371349.069,115.2847117,70,-1.86E-06,25CM,NC,5000000,-1.86E-12,A1
64,L.7,6,53,0,2065787.947,151.8058414,151,-5.78E-06,25CM,NC,5000000,-5.78E-12,A1
65,L.8,0,117.5,51.5,258929433.7,4.042745582,107,-2.83E-06,25CM,NC,5000000,-2.83E-12,A2
66,L.8,1,112.5714286,46.57142857,235169898.1,43.21153627,109.5714286,-5.82E-07,25CM,NC,5000000,-5.82E-13,A2
67,L.8,2,90.21052632,24.21052632,123444239.1,54.5303968,33.23684211,1.43E-07,25CM,NC,5000000,1.43E-13,A2
68,L.8,3,71.8,5.8,31721279.39,79.83835981,40.8,8.54E-07,25CM,NC,5000000,8.54E-13,A2
69,L.8,4,66,0,2750574.508,104.8822162,120,-9.09E-06,25CM,NC,5000000,-9.09E-12,A2
70,NA,2,119,0,0,55.57914791,1,NA,25CM,NC,5000000,NA,NA
71,L.10,1,11.89473684,12.57894737,65538611.04,59.4866652,15.89473684,1.05E-06,50CM,NC,5000000,1.05E-12,Sex
72,L.10,2,2.5,1.5,10045013.58,106.4355809,111,-2.71E-06,50CM,NC,5000000,-2.71E-12,Sex
73,L.3,0,25,3.428571429,19362793.67,33.10415398,89.85714286,-4.43E-06,50CM,NC,5000000,-4.43E-12,A4
74,L.5,0,33.7,5.1,27708881.07,35.24449978,63.1,-1.36E-07,50CM,NC,5000000,-1.36E-13,A3
75,L.5,1,45.35714286,21,107567769.2,50.82762495,10.21428571,-1.90E-08,50CM,NC,5000000,-1.90E-14,A3
76,L.7,0,60.8,46,232425766.2,20.49467344,61,7.60E-06,50CM,NC,5000000,7.60E-12,A1
77,L.7,1,60.2,40.8,206095227.9,65.34955491,14.2,-1.21E-06,50CM,NC,5000000,-1.21E-12,A1
78,L.7,2,54.5,1.5,8371349.069,115.2847117,70,-1.86E-06,50CM,NC,5000000,-1.86E-12,A1
79,L.7,3,53,0,2065787.947,151.8058414,151,-5.78E-06,50CM,NC,5000000,-5.78E-12,A1
80,L.8,0,113.6666667,47.66666667,240449794.9,34.50736056,109,-1.08E-06,50CM,NC,5000000,-1.08E-12,A2
81,L.8,1,88.06976744,22.06976744,112778778.6,57.4731832,34.11627907,2.25E-07,50CM,NC,5000000,2.25E-13,A2
82,L.8,2,66,0,2750574.508,104.8822162,120,-9.09E-06,50CM,NC,5000000,-9.09E-12,A2
83,NA,1,119,0,0,55.57914791,1,NA,50CM,NC,5000000,NA,NA
84,L.10,0,12,11.17391304,11678157.81,94.24471642,16.47826087,1.70E-06,25MB,NC,1000000,1.70E-12,Sex
85,L.10,1,31.5,36,36459562.02,57.89176628,4.6875,-9.59E-05,25MB,NC,1000000,-9.59E-11,Sex
86,L.10,2,44,63.33333333,63740954.03,55.70260978,2.444444444,-2.01E-17,25MB,NC,1000000,-2.01E-23,Sex
87,L.10,3,51.5,81.16666667,81543410.91,55.57914791,3.333333333,-1.34E-17,25MB,NC,1000000,-1.34E-23,Sex
88,L.10,4,56.5,120,120571095.6,50.79511513,4.25,1.29E-18,25MB,NC,1000000,1.29E-24,Sex
89,L.10,5,60.5,133.25,133527290,60.13090045,2.75,6.25E-18,25MB,NC,1000000,6.25E-24,Sex
90,L.3,0,75,12,12502449.72,35.24469003,19.76,-3.28E-06,25MB,NC,1000000,-3.28E-12,A4
91,L.3,1,90.5,33,33581403.66,20.47872673,22.5,1.66E-06,25MB,NC,1000000,1.66E-12,A4
92,L.5,0,105.5,11.66666667,12247202.14,32.79330367,18.66666667,1.18E-06,25MB,NC,1000000,1.18E-12,A3
93,L.5,1,125,33.86666667,34318033.38,39.58557669,12.26666667,3.27E-06,25MB,NC,1000000,3.27E-12,A3
94,L.5,2,133,73,73115029,18.89920562,1,NA,25MB,NC,1000000,NA,A3
95,L.5,3,141,89,89374413.25,50.79511513,4.8,3.62E-18,25MB,NC,1000000,3.62E-24,A3
96,L.5,4,154,109.1818182,109804103.1,50.79511513,4.727272727,-6.76E-17,25MB,NC,1000000,-6.76E-23,A3
97,L.5,5,164,134.1111111,134467758.7,51.07586956,1.888888889,3.40E-06,25MB,NC,1000000,3.40E-12,A3
98,L.7,0,175,7.076923077,7490276.963,113.1527431,22.61538462,-3.48E-06,25MB,NC,1000000,-3.48E-12,A1
99,L.7,5,182,140,140610508.3,0,20,0,25MB,NC,1000000,0.00E+00,A1
100,L.7,6,183.5,166.5,166656086.6,70.75606246,5,1.57E-17,25MB,NC,1000000,1.57E-23,A1
101,L.7,7,185.5,181.5,181848153.5,67.31107719,1,NA,25MB,NC,1000000,NA,A1
102,L.7,12,187,322,322365609,20.72993607,2,2.36E-05,25MB,NC,1000000,2.36E-11,A1
103,L.7,13,194,338,338444950.4,41.24067505,26.07692308,1.36E-05,25MB,NC,1000000,1.36E-11,A1
104,L.8,0,212,11.69565217,12144270.99,83.23183333,19.73913043,5.06E-06,25MB,NC,1000000,5.06E-12,A2
105,L.8,1,235.5,36.83333333,37320135.66,73.14260538,6.625,-4.32E-07,25MB,NC,1000000,-4.32E-13,A2
106,L.8,2,256.5,61.66666667,62099584.27,55.20180115,5.388888889,-1.51E-06,25MB,NC,1000000,-1.51E-12,A2
107,L.8,3,276,86.76190476,87207657.36,51.69498599,5.761904762,3.91E-05,25MB,NC,1000000,3.91E-11,A2
108,L.8,4,297.5,112,112472933.6,51.70427738,7.909090909,-3.14E-07,25MB,NC,1000000,-3.14E-13,A2
109,L.8,5,318.5,137.4,137903223.5,52.1287595,5,2.27E-06,25MB,NC,1000000,2.27E-12,A2
110,L.8,6,338.5,161.35,161907368.5,54.83752665,6.3,-3.46E-06,25MB,NC,1000000,-3.46E-12,A2
111,L.8,7,356.5,187.25,187758630.4,54.4663002,9.4375,9.28E-08,25MB,NC,1000000,9.28E-14,A2
112,L.8,8,376,212.3043478,212770574.1,54.12563642,10.60869565,9.88E-07,25MB,NC,1000000,9.88E-13,A2
113,L.8,9,398,239,239564044.1,44.88551134,27,-1.24E-06,25MB,NC,1000000,-1.24E-12,A2
114,L.8,10,414,255,255490115.8,16.41836031,34.09090909,-2.91E-06,25MB,NC,1000000,-2.91E-12,A2
115,NA,0,420,0,0,55.57914791,1,NA,25MB,NC,1000000,NA,NA
116,L.10,0,20,21.35897436,21844887.74,79.33068559,11.64102564,-3.08E-05,50MB,NC,1000000,-3.08E-11,Sex
117,L.10,1,47,70.46666667,70861936.78,55.65322503,2.8,-1.61E-17,50MB,NC,1000000,-1.61E-23,Sex
118,L.10,2,58.5,126.625,127049192.8,55.46300779,3.5,2.94E-18,50MB,NC,1000000,2.94E-24,Sex
119,L.3,0,78,16.06451613,16582247.26,32.38676165,20.29032258,-2.46E-06,50MB,NC,1000000,-2.46E-12,A4
120,L.5,0,113,20.20512821,20735983.39,35.40571637,16.20512821,1.92E-06,50MB,NC,1000000,1.92E-12,A3
121,L.5,1,140.5,88,88358201.73,48.80162079,4.5625,3.62E-18,50MB,NC,1000000,3.62E-24,A3
122,L.5,2,158.5,120.4,120902748.1,50.92145462,3.45,1.51E-06,50MB,NC,1000000,1.51E-12,A3
123,L.7,0,175,7.076923077,7490276.963,113.1527431,22.61538462,-3.48E-06,50MB,NC,1000000,-3.48E-12,A1
124,L.7,2,182,140,140610508.3,0,20,0,50MB,NC,1000000,0.00E+00,A1
125,L.7,3,184.5,174,174252120,69.03356982,3,1.57E-17,50MB,NC,1000000,1.57E-23,A1
126,L.7,6,193.5,336.8571429,337296426,39.77562227,24.35714286,1.43E-05,50MB,NC,1000000,1.43E-11,A1
127,L.8,0,224,24.53191489,25000031.67,78.07988714,13.04255319,2.31E-06,50MB,NC,1000000,2.31E-12,A2
128,L.8,1,267,75.17948718,75619315.94,53.31351607,5.58974359,2.12E-05,50MB,NC,1000000,2.12E-11,A2
129,L.8,2,307.5,124.0952381,124582595.5,51.90641172,6.523809524,8.51E-07,50MB,NC,1000000,8.51E-13,A2
130,L.8,3,346.5,172.8611111,173396818.2,54.67253711,7.694444444,-1.80E-06,50MB,NC,1000000,-1.80E-12,A2
131,L.8,4,386.5,225.0454545,225558366.6,49.71557672,18.43181818,-1.26E-07,50MB,NC,1000000,-1.26E-13,A2
132,L.8,5,414,255,255490115.8,16.41836031,34.09090909,-2.91E-06,50MB,NC,1000000,-2.91E-12,A2
133,NA,0,420,0,0,55.57914791,1,NA,50MB,NC,1000000,NA,NA
134,L.10,1,1,0,301829.0455,40.13728734,22,-9.15E-07,25CM,NC,1000000,-9.15E-13,Sex
135,L.10,2,40.02325581,60.8372093,61275193.4,56.45994789,3.860465116,-3.38E-05,25CM,NC,1000000,-3.38E-11,Sex
136,L.10,3,20.71428571,30.28571429,30851609.38,91.96397861,14.42857143,1.99E-05,25CM,NC,1000000,1.99E-11,Sex
137,L.10,4,9,8,8436109.968,111.1718131,22.22222222,-1.69E-06,25CM,NC,1000000,-1.69E-12,Sex
138,L.10,5,2.5,1.5,2125907.536,130.0949804,17.5,-9.91E-06,25CM,NC,1000000,-9.91E-12,Sex
139,L.3,0,86.25,24.66666667,25212548.46,18.62859858,20.33333333,3.55E-07,25CM,NC,1000000,3.55E-13,A4
140,L.3,1,73.26666667,10.26666667,10819011.04,37.18980078,21.73333333,-5.35E-06,25CM,NC,1000000,-5.35E-12,A4
141,L.3,2,71,12,12303479.49,55.64985412,14.75,6.56E-07,25CM,NC,1000000,6.56E-13,A4
142,L.5,0,111,20.9,21299367.45,16.56627879,22.5,1.26E-06,25CM,NC,1000000,1.26E-12,A3
143,L.5,1,112,18.84615385,19412913.03,39.7346619,15.07692308,2.34E-06,25CM,NC,1000000,2.34E-12,A3
144,L.5,2,148.7948718,100.1282051,100583593.1,50.80292221,4.025641026,5.92E-07,25CM,NC,1000000,5.92E-13,A3
145,L.7,0,190,233.125,233638852.1,15.81548318,18.25,2.64E-05,25CM,NC,1000000,2.64E-11,A1
146,L.7,1,192.5,336.5,336841682.8,41.43381385,27.83333333,2.49E-07,25CM,NC,1000000,2.49E-13,A1
147,L.7,2,186.75,256.25,256668981.8,53.95253742,9.25,7.97E-06,25CM,NC,1000000,7.97E-12,A1
148,L.7,3,184,168,168298000.6,82.94347291,5,1.57E-17,25CM,NC,1000000,1.57E-23,A1
149,L.7,4,180.8333333,64,64357330.7,113.5467099,18.33333333,-7.04E-07,25CM,NC,1000000,-7.04E-13,A1
150,L.7,5,173,4,4342612.728,133.2653057,24.66666667,-7.30E-06,25CM,NC,1000000,-7.30E-12,A1
151,L.7,6,170,1,1512629.249,155.3595436,41,-5.84E-06,25CM,NC,1000000,-5.84E-12,A1
152,L.8,0,416,257,257483886.1,9.227658534,37,-3.91E-06,25CM,NC,1000000,-3.91E-12,A2
153,L.8,1,400.4,241.15,241671575.4,39.81888597,29.9,-9.08E-07,25CM,NC,1000000,-9.08E-13,A2
154,L.8,2,311.672956,130.6540881,131138392.5,54.26528,8.465408805,5.29E-06,25CM,NC,1000000,5.29E-12,A2
155,L.8,3,227.7241379,28.44827586,28933213.71,80.04558523,9.310344828,3.15E-06,25CM,NC,1000000,3.15E-12,A2
156,L.8,4,202.5,1.5,1995590.811,113.7192422,23.75,1.97E-06,25CM,NC,1000000,1.97E-12,A2
157,NA,2,420,0,0,55.57914791,1,NA,25CM,NC,1000000,NA,NA
158,L.10,0,1,0,301829.0455,40.13728734,22,-9.15E-07,50CM,NC,1000000,-9.15E-13,Sex
159,L.10,1,37.32,56.56,57015891.64,61.43051219,5.34,-2.65E-05,50CM,NC,1000000,-2.65E-11,Sex
160,L.10,2,7.818181818,6.818181818,7288800.435,114.612389,21.36363636,-3.19E-06,50CM,NC,1000000,-3.19E-12,Sex
161,L.3,0,79.03703704,16.66666667,17216138.78,28.94037758,21.11111111,-2.93E-06,50CM,NC,1000000,-2.93E-12,A4
162,L.3,1,71,12,12303479.49,55.64985412,14.75,6.56E-07,50CM,NC,1000000,6.56E-13,A4
163,L.5,0,111.7222222,19.41666667,19936928.14,33.29899992,17.13888889,2.04E-06,50CM,NC,1000000,2.04E-12,A3
164,L.5,1,148.7948718,100.1282051,100583593.1,50.80292221,4.025641026,5.92E-07,50CM,NC,1000000,5.92E-13,A3
165,L.7,0,191.0714286,277.4285714,277868636.7,26.79476775,22.35714286,1.43E-05,50CM,NC,1000000,1.43E-11,A1
166,L.7,1,185.8333333,226.8333333,227211988,63.61618259,7.833333333,5.31E-06,50CM,NC,1000000,5.31E-12,A1
167,L.7,2,178.2222222,44,44352424.71,120.1195751,20.44444444,-2.90E-06,50CM,NC,1000000,-2.90E-12,A1
168,L.7,3,170,1,1512629.249,155.3595436,41,-5.84E-06,50CM,NC,1000000,-5.84E-12,A1
169,L.8,0,404.4444444,245.2592593,245771063.4,31.88782701,31.74074074,-1.69E-06,50CM,NC,1000000,-1.69E-12,A2
170,L.8,1,298.7234043,114.8882979,115372700,58.24202921,8.595744681,4.93E-06,50CM,NC,1000000,4.93E-12,A2
171,L.8,2,202.5,1.5,1995590.811,113.7192422,23.75,1.97E-06,50CM,NC,1000000,1.97E-12,A2
172,NA,1,420,0,0,55.57914791,1,NA,50CM,NC,1000000,NA,NA
173,L.10,0,20.5,20.975,10729251.83,97.27510527,9.475,1.19E-06,25MB,NC,500000,1.19E-12,Sex
174,L.10,1,50.5,72.8,36672771.65,57.7408295,3.75,-8.14E-05,25MB,NC,500000,-8.14E-11,Sex
175,L.10,2,65,127,63740954.03,55.70260978,2.444444444,-2.01E-17,25MB,NC,500000,-2.01E-23,Sex
176,L.10,3,72.5,162.6666667,81543410.91,55.57914791,3.333333333,-1.34E-17,25MB,NC,500000,-1.34E-23,Sex
177,L.10,4,78,240.2,120322840.8,50.79511513,3.4,1.37E-18,25MB,NC,500000,1.37E-24,Sex
178,L.10,5,82.5,266.75,133527290,60.13090045,2.75,6.25E-18,25MB,NC,500000,6.25E-24,Sex
179,L.3,0,108,24.93617021,12736369.18,34.83373747,10.5106383,-6.18E-06,25MB,NC,500000,-6.18E-12,A4
180,L.3,1,136.5,61.3,30928670.06,19.33606078,13.5,1.06E-06,25MB,NC,500000,1.06E-12,A4
181,L.5,0,163.5,23.04545455,11764960.9,32.59973175,10.18181818,3.65E-06,25MB,NC,500000,3.65E-12,A3
182,L.5,1,196.5,66.22727273,33352659.23,38.25794697,8.363636364,-3.32E-07,25MB,NC,500000,-3.32E-13,A3
183,L.5,2,208,146,73115029,18.89920562,1,NA,25MB,NC,500000,NA,A3
184,L.5,3,218,176.8421053,88681734.69,50.79511513,3.789473684,3.16E-18,25MB,NC,500000,3.16E-24,A3
185,L.5,4,234,217.8461538,109213050.1,50.79511513,4,-5.64E-17,25MB,NC,500000,-5.64E-23,A3
186,L.5,5,246,269.8181818,135113797.2,51.25453147,1.545454545,6.83E-05,25MB,NC,500000,6.83E-11,A3
187,L.7,0,261.5,11.75,6101041.124,122.2124074,14.7,-2.94E-06,25MB,NC,500000,-2.94E-12,A1
188,L.7,5,272.5,280.5,140532394.8,0,10,0,25MB,NC,500000,0.00E+00,A1
189,L.7,6,274.5,333,166656086.6,70.75606246,5,1.57E-17,25MB,NC,500000,1.57E-23,A1
190,L.7,7,276.5,363,181848153.5,67.31107719,1,NA,25MB,NC,500000,NA,A1
191,L.7,12,278.5,644.5,322365609,20.72993607,1,NA,25MB,NC,500000,NA,A1
192,L.7,13,291,676.7391304,338630619.9,43.61875634,14.73913043,-1.80E-05,25MB,NC,500000,-1.80E-11,A1
193,L.8,0,323.5,23.52380952,11982855.94,82.58153004,10.80952381,1.50E-05,25MB,NC,500000,1.50E-11,A2
194,L.8,1,361,74.42424242,37471958.64,72.8228142,4.818181818,-1.76E-07,25MB,NC,500000,-1.76E-13,A2
195,L.8,2,390.5,121.3461538,60934052.37,55.5158871,3.730769231,2.52E-08,25MB,NC,500000,2.52E-14,A2
196,L.8,3,418.5,173.4333333,86957543.5,51.62213923,4.033333333,3.00E-05,25MB,NC,500000,3.00E-11,A2
197,L.8,4,449.5,224.90625,112675044.7,51.71507943,5.4375,-2.41E-07,25MB,NC,500000,-2.41E-13,A2
198,L.8,5,479.5,274.2142857,137343946.3,52.11438295,3.571428571,4.74E-06,25MB,NC,500000,4.74E-12,A2
199,L.8,6,509,325.2580645,162912469,55.27332973,4.064516129,7.25E-06,25MB,NC,500000,7.25E-12,A2
200,L.8,7,537.5,373.7307692,187121019.4,54.63572846,5.807692308,8.67E-07,25MB,NC,500000,8.67E-13,A2
201,L.8,8,567.5,427.2058824,213836959.7,54.86597399,7.176470588,1.17E-05,25MB,NC,500000,1.17E-11,A2
202,L.8,9,602.5,479.0833333,239815309.2,44.16091833,15.75,-9.32E-06,25MB,NC,500000,-9.32E-12,A2
203,L.8,10,631,510,255238462.5,17.36363238,17.85714286,-2.96E-06,25MB,NC,500000,-2.96E-12,A2
204,NA,0,642,0,0,55.57914791,1,NA,25MB,NC,500000,NA,NA
205,L.10,0,30.5,38.25,19377091.77,84.09701335,7.566666667,-2.22E-05,50MB,NC,500000,-2.22E-11,Sex
206,L.10,1,68,141.2666667,70861936.78,55.65322503,2.8,-1.61E-17,50MB,NC,500000,-1.61E-23,Sex
207,L.10,2,80,252,126191484.9,54.94435305,3.111111111,2.77E-18,50MB,NC,500000,2.77E-24,Sex
208,L.3,0,113,31.31578947,15928000.91,32.11484682,11.03508772,-5.06E-06,50MB,NC,500000,-5.06E-12,A4
209,L.5,0,174.5,37.43939394,18960860.34,34.48580349,9.575757576,2.39E-06,50MB,NC,500000,2.39E-12,A3
210,L.5,1,217.5,175.3,87903399.41,49.20031965,3.65,3.16E-18,50MB,NC,500000,3.16E-24,A3
211,L.5,2,239.5,241.6666667,121084225.8,51.00568095,2.875,3.11E-05,50MB,NC,500000,3.11E-11,A3
212,L.7,0,261.5,11.75,6101041.124,122.2124074,14.7,-2.94E-06,50MB,NC,500000,-2.94E-12,A1
213,L.7,2,272.5,280.5,140532394.8,0,10,0,50MB,NC,500000,0.00E+00,A1
214,L.7,3,275.5,348,174252120,69.03356982,3,1.57E-17,50MB,NC,500000,1.57E-23,A1
215,L.7,6,290,674.16,337329419,41.78765072,13.64,-1.80E-05,50MB,NC,500000,-1.80E-11,A1
216,L.8,0,340,45.92,23198061.13,78.28769507,8.173333333,9.03E-06,50MB,NC,500000,9.03E-12,A2
217,L.8,1,405.5,149.25,74875208.33,53.42995074,3.892857143,1.75E-05,50MB,NC,500000,1.75E-11,A2
218,L.8,2,463.5,247.9166667,124187198.8,51.90142107,4.566666667,1.99E-06,50MB,NC,500000,1.99E-12,A2
219,L.8,3,522,347.3684211,173954965.7,54.98249406,4.859649123,4.20E-06,50MB,NC,500000,4.20E-12,A2
220,L.8,4,585.5,453.8857143,227197253.7,49.36051679,11.58571429,2.15E-07,50MB,NC,500000,2.15E-13,A2
221,L.8,5,631,510,255238462.5,17.36363238,17.85714286,-2.96E-06,50MB,NC,500000,-2.96E-12,A2
222,NA,0,642,0,0,55.57914791,1,NA,50MB,NC,500000,NA,NA
223,L.10,1,1.5,0.5,437504.2917,39.96051239,11,-1.69E-20,25CM,NC,500000,-1.69E-26,Sex
224,L.10,2,58.52,117.2,58844326.25,56.66285294,3.32,-3.11E-05,25CM,NC,500000,-3.11E-11,Sex
225,L.10,3,32.6,52,26249687.89,92.34185162,9.2,1.84E-05,25CM,NC,500000,1.84E-11,Sex
226,L.10,4,17,16.47058824,8465897.605,111.1950307,11.76470588,-1.40E-06,25CM,NC,500000,-1.40E-12,Sex
227,L.10,5,5.2,4.2,2353892.452,129.6641287,8.8,-9.82E-06,25CM,NC,500000,-9.82E-12,Sex
228,L.3,0,129.2857143,48.42857143,24488279.32,18.71027639,11.42857143,-1.35E-06,25CM,NC,500000,-1.35E-12,A4
229,L.3,1,105,22,11260295.84,36.32250384,11.06896552,-7.90E-06,25CM,NC,500000,-7.90E-12,A4
230,L.3,2,97.28571429,18.57142857,9584800.999,54.89683619,9.714285714,-4.05E-06,25CM,NC,500000,-4.05E-12,A4
231,L.5,0,169.6315789,34.73684211,17585154.07,16.20384738,13.57894737,6.44E-06,25CM,NC,500000,6.44E-12,A3
232,L.5,1,174,35.81395349,18159496.05,40.36956865,8.348837209,7.27E-07,25CM,NC,500000,7.27E-13,A3
233,L.5,2,227.2916667,199.5208333,100011040.3,50.84252529,3.270833333,1.14E-05,25CM,NC,500000,1.14E-11,A3
234,L.7,0,286.9166667,505.0833333,252821074.9,13.50565594,12,-3.82E-06,25CM,NC,500000,-3.82E-12,A1
235,L.7,1,286.9090909,670.8181818,335601493.3,38.67317262,15,-3.36E-06,25CM,NC,500000,-3.36E-12,A1
236,L.7,2,281,565.8333333,283170486.6,54.71683851,6.666666667,-8.06E-05,25CM,NC,500000,-8.06E-11,A1
237,L.7,3,275,336,168298000.6,82.94347291,5,1.57E-17,25CM,NC,500000,1.57E-23,A1
238,L.7,4,270.5,99.125,49803204.68,115.5104643,15.75,-2.05E-06,25CM,NC,500000,-2.05E-12,A1
239,L.7,5,259.5,7.5,3916981.713,136.2788328,11.16666667,-4.95E-06,25CM,NC,500000,-4.95E-12,A1
240,L.7,6,261.8333333,116.1666667,58385632.23,156.9427064,19.16666667,-2.31E-06,25CM,NC,500000,-2.31E-12,A1
241,L.8,0,634.5,513.5,257007082.2,11.13319149,20,-2.73E-06,25CM,NC,500000,-2.73E-12,A2
242,L.8,1,599.4324324,471.027027,235758601.5,39.85054277,15.37837838,3.73E-06,25CM,NC,500000,3.73E-12,A2
243,L.8,2,470.9531915,261.5617021,131027630.1,54.35342171,5.69787234,5.90E-06,25CM,NC,500000,5.90E-12,A2
244,L.8,3,351.5555556,63.26666667,31884636.04,80.35728481,6.333333333,9.21E-06,25CM,NC,500000,9.21E-12,A2
245,L.8,4,306.5,3.5,1984700.126,114.0184463,11.875,6.44E-06,25CM,NC,500000,6.44E-12,A2
246,NA,2,642,0,0,55.57914791,1,NA,25CM,NC,500000,NA,NA
247,L.10,0,1.5,0.5,437504.2917,39.96051239,11,-1.69E-20,50CM,NC,500000,-1.69E-26,Sex
248,L.10,1,54.2,106.3333333,53411886.52,62.60935272,4.3,-2.28E-05,50CM,NC,500000,-2.28E-11,Sex
249,L.10,2,14.31818182,13.68181818,7076805.525,115.392553,11.09090909,-3.17E-06,50CM,NC,500000,-3.17E-12,Sex
250,L.3,0,115.2,33.1,16816048.9,28.92536831,11.22,-5.20E-06,50CM,NC,500000,-5.20E-12,A4
251,L.3,1,97.28571429,18.57142857,9584800.999,54.89683619,9.714285714,-4.05E-06,50CM,NC,500000,-4.05E-12,A4
252,L.5,0,172.6612903,35.48387097,17983488.02,32.96394439,9.951612903,2.53E-06,50CM,NC,500000,2.53E-12,A3
253,L.5,1,227.2916667,199.5208333,100011040.3,50.84252529,3.270833333,1.14E-05,50CM,NC,500000,1.14E-11,A3
254,L.7,0,286.9130435,584.3478261,292411709.8,25.54229435,13.43478261,-3.59E-06,50CM,NC,500000,-3.59E-12,A1
255,L.7,1,279.5,508.375,254452365.1,61.77349711,6.25,-6.45E-05,50CM,NC,500000,-6.45E-11,A1
256,L.7,2,265.7857143,59.85714286,30137680.55,124.4111937,13.78571429,-3.29E-06,50CM,NC,500000,-3.29E-12,A1
257,L.7,3,261.8333333,116.1666667,58385632.23,156.9427064,19.16666667,-2.31E-06,50CM,NC,500000,-2.31E-12,A1
258,L.8,0,609.0588235,482.6862745,241591517.8,31.9673483,16.64705882,1.89E-06,50CM,NC,500000,1.89E-12,A2
259,L.8,1,451.7642857,229.6928571,115093934.6,58.532614,5.8,6.44E-06,50CM,NC,500000,6.44E-12,A2
260,L.8,2,306.5,3.5,1984700.126,114.0184463,11.875,6.44E-06,50CM,NC,500000,6.44E-12,A2
261,NA,1,642,0,0,55.57914791,1,NA,50CM,NC,500000,NA,NA
262,L.10,0,43.5,96.20930233,9671398.263,100.6224615,4.406976744,-0.001477338,25MB,NC,100000,-1.48E-09,Sex
263,L.10,1,101,369.9310345,37042059.16,57.59510148,2.586206897,-6.61E-05,25MB,NC,100000,-6.61E-11,Sex
264,L.10,2,120.5,631.3,63187357.29,55.69026359,2.2,-2.01E-17,25MB,NC,100000,-2.01E-23,Sex
265,L.10,3,131,798,79846429.3,55.57914791,1.818181818,-2.45E-17,25MB,NC,100000,-2.45E-23,Sex
266,L.10,4,139,1202.6,120322840.8,50.79511513,3.4,1.37E-18,25MB,NC,100000,1.37E-24,Sex
267,L.10,5,144,1330.6,133102472,58.26374338,2.2,1.24E-17,25MB,NC,100000,1.24E-23,Sex
268,L.3,0,206,124.1932773,12465648.86,35.23888432,4.151260504,-1.89E-05,25MB,NC,100000,-1.89E-11,A4
269,L.3,1,278,292.8,29332684.51,19.76591511,5.4,8.78E-06,25MB,NC,100000,8.78E-12,A4
270,L.5,0,345.5,110.5545455,11107533.39,32.42009107,4.072727273,-2.28E-07,25MB,NC,100000,-2.28E-13,A3
271,L.5,1,424.5,328.4375,32897078.08,37.23115529,3.833333333,0.000182465,25MB,NC,100000,1.82E-10,A3
272,L.5,2,449,731,73115029,18.89920562,1,NA,25MB,NC,100000,NA,A3
273,L.5,3,463.5,882.8214286,88332031.88,50.79511513,2.571428571,1.27E-17,25MB,NC,100000,1.27E-23,A3
274,L.5,4,487,1081.684211,108228156.3,50.79511513,2.736842105,-3.67E-17,25MB,NC,100000,-3.67E-23,A3
275,L.5,5,503,1346.384615,134671365.8,51.18385203,1.307692308,0.000113873,25MB,NC,100000,1.14E-10,A3
276,L.7,0,540.5,48.90322581,4937206.822,130.8159412,4.741935484,-1.54E-05,25MB,NC,100000,-1.54E-11,A1
277,L.7,5,573,1405,140556224.9,0,6.666666667,0,25MB,NC,100000,0.00E+00,A1
278,L.7,6,575.5,1666,166656086.6,70.75606246,5,1.57E-17,25MB,NC,100000,1.57E-23,A1
279,L.7,7,577.5,1818,181848153.5,67.31107719,1,NA,25MB,NC,100000,NA,A1
280,L.7,12,579.5,3223,322365609,20.72993607,1,NA,25MB,NC,100000,NA,A1
281,L.7,13,612,3391.206349,339165166.6,39.81385426,5.380952381,-1.33E-05,25MB,NC,100000,-1.33E-11,A1
282,L.8,0,697.5,112.6851852,11317265.61,83.79662588,4.203703704,-3.50E-05,25MB,NC,100000,-3.50E-11,A2
283,L.8,1,783.5,352.921875,35344626.9,71.12424905,2.484375,0.000236525,25MB,NC,100000,2.37E-10,A2
284,L.8,2,834,611.0810811,61163159.34,54.93660262,2.621621622,-4.09E-07,25MB,NC,100000,-4.09E-13,A2
285,L.8,3,873,867.7560976,86821587.62,51.6373091,2.951219512,2.68E-05,25MB,NC,100000,2.68E-11,A2
286,L.8,4,915,1130.930233,113142022.4,51.71892286,4.046511628,-3.12E-05,25MB,NC,100000,-3.12E-11,A2
287,L.8,5,957,1365.243902,136576989.7,52.48460429,2.43902439,1.97E-19,25MB,NC,100000,1.97E-25,A2
288,L.8,6,1002.5,1627.26,162778046.9,55.48633364,2.52,-2.42E-17,25MB,NC,100000,-2.42E-23,A2
289,L.8,7,1050.5,1850.304348,185076596.5,55.41940335,3.282608696,0.000307043,25MB,NC,100000,3.07E-10,A2
290,L.8,8,1101,2143.945455,214432173,56.71804875,4.436363636,6.73E-06,25MB,NC,100000,6.73E-12,A2
291,L.8,9,1176,2393.031579,239352564.4,43.96507487,5.968421053,-1.03E-06,25MB,NC,100000,-1.03E-12,A2
292,L.8,10,1263,2553.493671,255396817.1,17.03159754,4.746835443,4.41E-06,25MB,NC,100000,4.41E-12,A2
293,NA,0,1303,0,0,55.57914791,1,NA,25MB,NC,100000,NA,NA
294,L.10,0,58,165.2347826,16573564.92,89.77208375,3.947826087,-0.001184093,50MB,NC,100000,-1.18E-09,Sex
295,L.10,1,126,718.6190476,71913537.87,55.63206014,2,-2.26E-17,50MB,NC,100000,-2.26E-23,Sex
296,L.10,2,141.5,1266.6,126712656.4,54.52942926,2.8,3.21E-18,50MB,NC,100000,3.21E-24,Sex
297,L.3,0,218.5,153.4652778,15393953.66,32.55260494,4.368055556,-1.44E-05,50MB,NC,100000,-1.44E-11,A4
298,L.5,0,369.5,176.7468354,17727141.9,33.8816802,4,5.75E-05,50MB,NC,100000,5.75E-11,A3
299,L.5,1,463,877.5862069,87807307.64,49.69525618,2.517241379,1.27E-17,50MB,NC,100000,1.27E-23,A3
300,L.5,2,493.5,1189.21875,118970710.1,50.9530395,2.15625,2.63E-05,50MB,NC,100000,2.63E-11,A3
301,L.7,0,540.5,48.90322581,4937206.822,130.8159412,4.741935484,-1.54E-05,50MB,NC,100000,-1.54E-11,A1
302,L.7,2,573,1405,140556224.9,0,6.666666667,0,50MB,NC,100000,0.00E+00,A1
303,L.7,3,576.5,1742,174252120,69.03356982,3,1.57E-17,50MB,NC,100000,1.57E-23,A1
304,L.7,6,611,3386.030769,338648257.2,39.22665678,5.246153846,-1.33E-05,50MB,NC,100000,-1.33E-11,A1
305,L.8,0,729.5,202.0755814,20257679.11,79.08132288,3.563953488,6.07E-05,50MB,NC,100000,6.07E-11,A2
306,L.8,1,854.5,746,74650281.9,53.20235859,2.794871795,1.58E-05,50MB,NC,100000,1.58E-11,A2
307,L.8,2,935.5,1245.297619,124580518.4,52.09264832,3.261904762,-1.68E-05,50MB,NC,100000,-1.68E-11,A2
308,L.8,3,1025.5,1734.135417,173462768.6,55.45426288,2.885416667,0.000172375,50MB,NC,100000,1.72E-10,A2
309,L.8,4,1148.5,2301.7,230215087.6,48.64116529,5.406666667,1.51E-06,50MB,NC,100000,1.51E-12,A2
310,L.8,5,1263,2553.493671,255396817.1,17.03159754,4.746835443,4.41E-06,50MB,NC,100000,4.41E-12,A2
311,NA,0,1303,0,0,55.57914791,1,NA,50MB,NC,100000,NA,NA
312,L.10,1,5,8.6,916012.2481,40.46064279,8,2.47E-19,25CM,NC,100000,2.47E-25,Sex
313,L.10,2,111.0144928,567.4492754,56794675.59,56.86691821,2.405797101,-0.002467228,25CM,NC,100000,-2.47E-09,Sex
314,L.10,3,69.21052632,206.4736842,20697527.89,94.63676288,2.947368421,-0.000143288,25CM,NC,100000,-1.43E-10,Sex
315,L.10,4,37.74418605,78.93023256,7943711.458,112.0070558,5.11627907,-1.82E-05,25CM,NC,100000,-1.82E-11,Sex
316,L.10,5,10.8,24.5,2502552.565,129.6834723,4.2,5.46E-19,25CM,NC,100000,5.46E-25,Sex
317,L.3,0,259.1754386,235.5087719,23601430.4,19.3639561,4.385964912,2.85E-06,25CM,NC,100000,2.85E-12,A4
318,L.3,1,195.5882353,103.7352941,10420212.7,36.39548092,4.573529412,-3.05E-05,25CM,NC,100000,-3.05E-11,A4
319,L.3,2,174,77.44444444,7786785.261,54.79509145,3.722222222,-6.52E-06,25CM,NC,100000,-6.52E-12,A4
320,L.3,4,259,227,22711196,122.6252654,1,NA,25CM,NC,100000,NA,A4
321,L.5,0,353.9361702,146.9787234,14749866.21,15.25994508,5.553191489,3.63E-06,25CM,NC,100000,3.63E-12,A3
322,L.5,1,369.6930693,168.7920792,16931137.29,40.61735005,3.504950495,9.27E-05,25CM,NC,100000,9.27E-11,A3
323,L.5,2,473.6056338,950.3521127,95085556.18,50.78021678,2.23943662,9.76E-06,25CM,NC,100000,9.76E-12,A3
324,L.7,0,615.862069,2980.793103,298133890.3,14.37556238,4.965517241,-5.77E-06,25CM,NC,100000,-5.77E-12,A1
325,L.7,1,599.4333333,3366.1,336653312,38.67031884,5.633333333,-2.28E-05,25CM,NC,100000,-2.28E-11,A1
326,L.7,2,581.8571429,2895.428571,289575880.5,56.16081298,5,-9.77E-18,25CM,NC,100000,-9.77E-24,A1
327,L.7,3,576,1682.5,168298000.6,82.94347291,5,1.57E-17,25CM,NC,100000,1.57E-23,A1
328,L.7,4,574.52,746,74641916.46,115.6258201,4.92,5.71E-07,25CM,NC,100000,5.71E-13,A1
329,L.7,5,536.56,39.28,3972097.567,135.6501867,3.68,-4.72E-06,25CM,NC,100000,-4.72E-12,A1
330,L.7,6,525.375,226,22653812.63,157.4088528,5.875,-5.27E-05,25CM,NC,100000,-5.27E-11,A1
331,L.8,0,1274.519231,2567.326923,256778609,9.81214631,5.057692308,6.64E-06,25CM,NC,100000,6.64E-12,A2
332,L.8,1,1185.84466,2386.776699,238728883.3,38.51131576,5.660194175,2.10E-06,25CM,NC,100000,2.10E-12,A2
333,L.8,2,945.2315522,1285.305344,128577749.6,54.86271285,3.430025445,3.71E-05,25CM,NC,100000,3.71E-11,A2
334,L.8,3,749.225,269.05,26957864.34,81.40182201,3.2625,6.47E-06,25CM,NC,100000,6.47E-12,A2
335,L.8,4,675.2666667,93.53333333,9405393.468,112.5225899,3.733333333,0.000324082,25CM,NC,100000,3.24E-10,A2
336,L.8,6,1118,2214,221434617,167.0674573,1,NA,25CM,NC,100000,NA,A2
337,NA,2,1303,0,0,55.57914791,1,NA,25CM,NC,100000,NA,NA
338,L.10,0,5,8.6,916012.2481,40.46064279,8,2.47E-19,50CM,NC,100000,2.47E-25,Sex
339,L.10,1,101.9886364,489.5113636,49000973.25,65.02177104,2.522727273,-0.001886243,50CM,NC,100000,-1.89E-09,Sex
340,L.10,2,32.66037736,68.66037736,6917077.705,115.3422287,4.943396226,-1.59E-05,50CM,NC,100000,-1.59E-11,Sex
341,L.3,0,224.584,163.824,16430847.97,28.6291056,4.488,-1.54E-05,50CM,NC,100000,-1.54E-11,A4
342,L.3,1,174,77.44444444,7786785.261,54.79509145,3.722222222,-6.52E-06,50CM,NC,100000,-6.52E-12,A4
343,L.3,2,259,227,22711196,122.6252654,1,NA,50CM,NC,100000,NA,A4
344,L.5,0,364.6891892,161.8648649,16238436.34,32.56466063,4.155405405,6.01E-05,50CM,NC,100000,6.01E-11,A3
345,L.5,1,473.6056338,950.3521127,95085556.18,50.78021678,2.23943662,9.76E-06,50CM,NC,100000,9.76E-12,A3
346,L.7,0,607.5084746,3176.711864,317720036.9,26.72882838,5.305084746,-1.36E-05,50CM,NC,100000,-1.36E-11,A1
347,L.7,1,580.5555556,2625.888889,262625240.5,62.11251519,5,-3.40E-18,50CM,NC,100000,-3.40E-24,A1
348,L.7,2,555.54,392.64,39307007.01,125.6380034,4.3,-2.07E-06,50CM,NC,100000,-2.07E-12,A1
349,L.7,3,525.375,226,22653812.63,157.4088528,5.875,-5.27E-05,50CM,NC,100000,-5.27E-11,A1
350,L.8,0,1215.593548,2447.348387,244784275.1,28.8832073,5.458064516,3.65E-06,50CM,NC,100000,3.65E-12,A2
351,L.8,1,912.0803383,1113.422833,111390454,59.35135711,3.401691332,3.28E-05,50CM,NC,100000,3.28E-11,A2
352,L.8,2,675.2666667,93.53333333,9405393.468,112.5225899,3.733333333,0.000324082,50CM,NC,100000,3.24E-10,A2
353,L.8,3,1118,2214,221434617,167.0674573,1,NA,50CM,NC,100000,NA,A2
354,NA,1,1303,0,0,55.57914791,1,NA,50CM,NC,100000,NA,NA
355,L.10,0,55,182.8348624,9167235.738,101.272808,3.47706422,-0.001329327,25MB,NC,50000,-1.33E-09,Sex
356,L.10,1,125,742.9677419,37176202.16,57.55464939,2.419354839,-6.22E-05,25MB,NC,50000,-6.22E-11,Sex
357,L.10,2,146,1254.454545,62757805.74,55.68016217,2,-2.96E-17,25MB,NC,50000,-2.96E-23,Sex
358,L.10,3,157.5,1594.166667,79730695.15,55.57914791,1.666666667,-3.07E-17,25MB,NC,50000,-3.07E-23,Sex
359,L.10,4,166,2406,120322840.8,50.79511513,3.4,1.37E-18,25MB,NC,50000,1.37E-24,Sex
360,L.10,5,171,2661.6,133102472,58.26374338,2.2,1.24E-17,25MB,NC,50000,1.24E-23,Sex
361,L.3,0,250,249.9150327,12518788.96,35.02713577,3.22875817,-7.91E-08,25MB,NC,50000,-7.91E-14,A4
362,L.3,1,341,576.137931,28831050.32,19.31978073,4.655172414,2.91E-05,25MB,NC,50000,2.91E-11,A4
363,L.5,0,425.5,217.4285714,10896884.04,32.26275576,3.2,-2.78E-07,25MB,NC,50000,-2.78E-13,A3
364,L.5,1,526,641.7704918,32117002.22,35.66184042,3.016393443,0.00016878,25MB,NC,50000,1.69E-10,A3
365,L.5,2,557,1462,73115029,18.89920562,1,NA,25MB,NC,50000,NA,A3
366,L.5,3,572.5,1759.666667,88008781.88,50.79511513,2.4,1.39E-17,25MB,NC,50000,1.39E-23,A3
367,L.5,4,598,2168.52381,108453347.5,50.79511513,2.476190476,-4.58E-17,25MB,NC,50000,-4.58E-23,A3
368,L.5,5,615.5,2697.214286,134877425.7,51.51705509,1.214285714,4.78E-17,25MB,NC,50000,4.78E-23,A3
369,L.7,0,664.5,94.33333333,4742503.334,132.444486,3.5,-9.89E-06,25MB,NC,50000,-9.89E-12,A1
370,L.7,5,709,2810.6,140549476.2,0,4,0,25MB,NC,50000,0.00E+00,A1
371,L.7,6,712.5,3333,166656086.6,70.75606246,5,1.57E-17,25MB,NC,50000,1.57E-23,A1
372,L.7,7,714.5,3636.5,181848153.5,67.31107719,1,NA,25MB,NC,50000,NA,A1
373,L.7,12,716.5,6446.5,322365609,20.72993607,1,NA,25MB,NC,50000,NA,A1
374,L.7,13,755,6784.413333,339242226.7,37.65515786,4.52,3.14E-06,25MB,NC,50000,3.14E-12,A1
375,L.8,0,858.5,214.0151515,10724481.7,85.01355263,3.439393939,-3.13E-05,25MB,NC,50000,-3.13E-11,A2
376,L.8,1,961.5,705.4054054,35296928.3,70.92561064,2.148648649,0.000235953,25MB,NC,50000,2.36E-10,A2
377,L.8,2,1018.5,1225.475,61301569.79,54.87376743,2.425,2.78E-17,25MB,NC,50000,2.78E-23,A2
378,L.8,3,1060,1725.627907,86303986.27,51.63923339,2.813953488,2.78E-05,25MB,NC,50000,2.78E-11,A2
379,L.8,4,1104.5,2264.021739,113225314.7,51.71629842,3.782608696,-2.92E-05,25MB,NC,50000,-2.92E-11,A2
380,L.8,5,1149,2727.139535,136384837.2,52.44711951,2.325581395,3.73E-20,25MB,NC,50000,3.73E-26,A2
381,L.8,6,1197,3256.150943,162833525.8,55.39032299,2.377358491,-2.43E-17,25MB,NC,50000,-2.43E-23,A2
382,L.8,7,1248,3695.428571,184794646.8,55.57819949,3.081632653,0.000297739,25MB,NC,50000,2.98E-10,A2
383,L.8,8,1303,4283.57377,214202332.2,56.49444217,4,8.44E-18,25MB,NC,50000,8.44E-24,A2
384,L.8,9,1395,4776.03252,238829168,44.42039848,4.609756098,-8.70E-07,25MB,NC,50000,-8.70E-13,A2
385,L.8,10,1508,5112.815534,255665078.2,15.96961782,3.640776699,-4.85E-05,25MB,NC,50000,-4.85E-11,A2
386,NA,0,1560,0,0,55.57914791,1,NA,25MB,NC,50000,NA,NA
387,L.10,0,70.5,306.8642857,15369221.16,91.59235861,3.242857143,-0.001075903,50MB,NC,50000,-1.08E-09,Sex
388,L.10,1,152,1431.695652,71613226.3,55.62745908,1.826086957,-3.01E-17,50MB,NC,50000,-3.01E-23,Sex
389,L.10,2,168.5,2533.8,126712656.4,54.52942926,2.8,3.21E-18,50MB,NC,50000,3.21E-24,Sex
390,L.3,0,264.5,301.8956044,15117995.44,32.52431546,3.456043956,4.70E-06,50MB,NC,50000,4.70E-12,A4
391,L.5,0,456,346.2089552,17336820.4,33.29431876,3.144278607,5.34E-05,50MB,NC,50000,5.34E-11,A3
392,L.5,1,572,1750.064516,87528338.24,49.76621482,2.35483871,1.39E-17,50MB,NC,50000,1.39E-23,A3
393,L.5,2,605,2380,119022978.8,51.08389111,1.971428571,-2.71E-17,50MB,NC,50000,-2.71E-23,A3
394,L.7,0,664.5,94.33333333,4742503.334,132.444486,3.5,-9.89E-06,50MB,NC,50000,-9.89E-12,A1
395,L.7,2,709,2810.6,140549476.2,0,4,0,50MB,NC,50000,0.00E+00,A1
396,L.7,3,713.5,3484.75,174252120,69.03356982,3,1.57E-17,50MB,NC,50000,1.57E-23,A1
397,L.7,6,754,6775.636364,338803873,37.21554171,4.428571429,3.14E-06,50MB,NC,50000,3.14E-12,A1
398,L.8,0,895.5,390.5339806,19551477.08,79.9528356,2.975728155,5.62E-05,50MB,NC,50000,5.62E-11,A2
399,L.8,1,1040,1484.590361,74254628.93,53.19804498,2.626506024,1.60E-05,50MB,NC,50000,1.60E-11,A2
400,L.8,2,1126,2487.775281,124414746.9,52.06939175,3.078651685,-1.65E-05,50MB,NC,50000,-1.65E-11,A2
401,L.8,3,1221.5,3467.176471,173383476.1,55.48057739,2.715686275,0.000169403,50MB,NC,50000,1.69E-10,A2
402,L.8,4,1364.5,4612.771739,230664836.6,48.42320644,4.407608696,-6.07E-07,50MB,NC,50000,-6.07E-13,A2
403,L.8,5,1508,5112.815534,255665078.2,15.96961782,3.640776699,-4.85E-05,50MB,NC,50000,-4.85E-11,A2
404,NA,0,1560,0,0,55.57914791,1,NA,50MB,NC,50000,NA,NA
405,L.10,1,7.714285714,23.85714286,1223721.456,40.55593187,5.714285714,6.93E-17,25CM,NC,50000,6.93E-23,Sex
406,L.10,2,134.4189189,1117.581081,55906084.56,56.99752511,2.256756757,-0.002400546,25CM,NC,50000,-2.40E-09,Sex
407,L.10,3,90.9,407.35,20389746.17,95.2207463,2.75,-0.000149852,25CM,NC,50000,-1.50E-10,Sex
408,L.10,4,50.54098361,158.4918033,7951997.11,111.7166331,3.606557377,-1.75E-05,25CM,NC,50000,-1.75E-11,Sex
409,L.10,5,13.54545455,49.54545455,2494425.085,129.710739,3.818181818,-4.29E-19,25CM,NC,50000,-4.29E-25,Sex
410,L.3,0,316.6527778,466.3611111,23342163.37,19.377985,3.486111111,1.50E-05,25CM,NC,50000,1.50E-11,A4
411,L.3,1,234.2906977,201.0813953,10076156.87,36.11513893,3.558139535,-8.32E-07,25CM,NC,50000,-8.32E-13,A4
412,L.3,2,209.0454545,149.5454545,7503007.652,55.22708078,3.181818182,-4.89E-06,25CM,NC,50000,-4.89E-12,A4
413,L.3,3,274,330,16512552,80.68750321,1,NA,25CM,NC,50000,NA,A4
414,L.3,4,318,454,22711196,122.6252654,1,NA,25CM,NC,50000,NA,A4
415,L.5,0,439.359375,297.015625,14877382.59,15.33547322,4.078125,2.40E-06,25CM,NC,50000,2.40E-12,A3
416,L.5,1,456.3968254,331.1349206,16582537.1,40.68819484,2.80952381,8.94E-05,25CM,NC,50000,8.94E-11,A3
417,L.5,2,583.6103896,1901.402597,95095214.07,50.83979329,2.064935065,3.63E-17,25CM,NC,50000,3.63E-23,A3
418,L.7,0,759.1315789,5958.552632,297951478,13.79272862,3.789473684,2.75E-05,25CM,NC,50000,2.75E-11,A1
419,L.7,1,738.9714286,6731.114286,336576177.8,39.10689165,4.828571429,-2.47E-05,25CM,NC,50000,-2.47E-11,A1
420,L.7,2,718.8571429,5791.142857,289575880.5,56.16081298,5,-9.77E-18,25CM,NC,50000,-9.77E-24,A1
421,L.7,3,713,3365.5,168298000.6,82.94347291,5,1.57E-17,25CM,NC,50000,1.57E-23,A1
422,L.7,4,704.3636364,1167.030303,58372765.23,115.8018734,3.727272727,-6.50E-06,25CM,NC,50000,-6.50E-12,A1
423,L.7,5,660.4516129,78.29032258,3940772.759,135.8541103,3.032258065,-3.01E-06,25CM,NC,50000,-3.01E-12,A1
424,L.7,6,641.1666667,309.0833333,15483733.41,157.5937933,3.833333333,-2.31E-05,25CM,NC,50000,-2.31E-11,A1
425,L.8,0,1521.75,5138.611111,256954857.3,9.685090842,3.652777778,-7.09E-05,25CM,NC,50000,-7.09E-11,A2
426,L.8,1,1409.09375,4779.007813,238977429.8,39.0810043,4.5390625,-7.97E-07,25CM,NC,50000,-7.97E-13,A2
427,L.8,2,1136.51963,2570.859122,128567894.2,54.95579194,3.11778291,3.54E-05,25CM,NC,50000,3.54E-11,A2
428,L.8,3,919.9892473,524.0967742,26230493.26,81.29912713,2.806451613,5.16E-06,25CM,NC,50000,5.16E-12,A2
429,L.8,4,826.7,151.525,7599227.268,112.7554491,2.8,0.000309882,25CM,NC,50000,3.10E-10,A2
430,L.8,6,1322,4428,221434617,167.0674573,1,NA,25CM,NC,50000,NA,A2
431,NA,2,1560,0,0,55.57914791,1,NA,25CM,NC,50000,NA,NA
432,L.10,0,7.714285714,23.85714286,1223721.456,40.55593187,5.714285714,6.93E-17,50CM,NC,50000,6.93E-23,Sex
433,L.10,1,125.1595745,966.4680851,48349416.82,65.13012536,2.361702128,-0.001815365,50CM,NC,50000,-1.82E-09,Sex
434,L.10,2,44.88888889,141.8472222,7118201.384,114.4657326,3.638888889,-1.55E-05,50CM,NC,50000,-1.55E-11,Sex
435,L.3,0,271.8227848,321.9683544,16121425.65,28.48808145,3.525316456,6.01E-06,50CM,NC,50000,6.01E-12,A4
436,L.3,1,211.8695652,157.3913043,7894726.971,56.33405567,3.086956522,-4.89E-06,50CM,NC,50000,-4.89E-12,A4
437,L.3,2,318,454,22711196,122.6252654,1,NA,50CM,NC,50000,NA,A4
438,L.5,0,450.6578947,319.6421053,16008169.27,32.14833072,3.236842105,5.56E-05,50CM,NC,50000,5.56E-11,A3
439,L.5,1,583.6103896,1901.402597,95095214.07,50.83979329,2.064935065,3.63E-17,50CM,NC,50000,3.63E-23,A3
440,L.7,0,749.4657534,6328.958904,316470169.7,25.9296561,4.287671233,3.22E-06,50CM,NC,50000,3.22E-12,A1
441,L.7,1,717.5555556,5252.111111,262625240.5,62.11251519,5,-3.40E-18,50CM,NC,50000,-3.40E-24,A1
442,L.7,2,683.09375,639.671875,32007268.88,125.5146757,3.390625,-4.89E-06,50CM,NC,50000,-4.89E-12,A1
443,L.7,3,641.1666667,309.0833333,15483733.41,157.5937933,3.833333333,-2.31E-05,50CM,NC,50000,-2.31E-11,A1
444,L.8,0,1449.65,4908.465,245449303.7,28.49847546,4.22,-2.38E-05,50CM,NC,50000,-2.38E-11,A2
445,L.8,1,1098.235741,2208.979087,110474019.1,59.61345387,3.062737643,3.11E-05,50CM,NC,50000,3.11E-11,A2
446,L.8,2,826.7,151.525,7599227.268,112.7554491,2.8,0.000309882,50CM,NC,50000,3.10E-10,A2
447,L.8,3,1322,4428,221434617,167.0674573,1,NA,50CM,NC,50000,NA,A2
448,NA,1,1560,0,0,55.57914791,1,NA,50CM,NC,50000,NA,NA
